filename,class
000.wav,bird
001.wav,cat
002.wav,bird
003.wav,dog
004.wav,bird
005.wav,cat
006.wav,cat
007.wav,bird
008.wav,cat
009.wav,bird
010.wav,dog
011.wav,dog
012.wav,bird
013.wav,dog
014.wav,cat
015.wav,cat
016.wav,bird
017.wav,bird
018.wav,bird
019.wav,dog
020.wav,dog
021.wav,dog
022.wav,cat
023.wav,dog
024.wav,dog
025.wav,bird
026.wav,bird
027.wav,dog
028.wav,bird
029.wav,cat
030.wav,cat
031.wav,bird
032.wav,dog
033.wav,bird
034.wav,dog
035.wav,bird
036.wav,bird
037.wav,dog
038.wav,bird
039.wav,bird
040.wav,bird
041.wav,cat
042.wav,dog
043.wav,bird
044.wav,dog
045.wav,bird
046.wav,cat
047.wav,cat
048.wav,bird
049.wav,bird
050.wav,dog
051.wav,cat
052.wav,cat
053.wav,dog
054.wav,dog
055.wav,bird
056.wav,cat
057.wav,bird
058.wav,cat
059.wav,dog
060.wav,dog
061.wav,dog
062.wav,cat
063.wav,cat
064.wav,cat
065.wav,bird
066.wav,bird
067.wav,dog
068.wav,dog
069.wav,dog
070.wav,dog
071.wav,bird
072.wav,dog
073.wav,bird
074.wav,bird
075.wav,cat
076.wav,cat
077.wav,bird
078.wav,cat
079.wav,bird
080.wav,bird
081.wav,bird
082.wav,bird
083.wav,bird
084.wav,cat
085.wav,cat
086.wav,bird
087.wav,cat
088.wav,dog
089.wav,bird
090.wav,dog
091.wav,cat
092.wav,cat
093.wav,cat
094.wav,dog
095.wav,dog
096.wav,bird
097.wav,cat
098.wav,dog
099.wav,bird
100.wav,dog
101.wav,cat
102.wav,cat
103.wav,dog
104.wav,cat
105.wav,cat
106.wav,bird
107.wav,bird
108.wav,bird
109.wav,bird
110.wav,dog
111.wav,cat
112.wav,bird
113.wav,bird
114.wav,cat
115.wav,cat
116.wav,bird
117.wav,cat
118.wav,dog
119.wav,dog
120.wav,dog
121.wav,bird
122.wav,dog
123.wav,cat
124.wav,dog
125.wav,bird
126.wav,bird
127.wav,cat
128.wav,cat
129.wav,dog
130.wav,cat
131.wav,bird
132.wav,cat
133.wav,cat
134.wav,dog
135.wav,cat
136.wav,cat
137.wav,bird
138.wav,cat
139.wav,cat
140.wav,cat
141.wav,cat
142.wav,dog
143.wav,bird
144.wav,bird
145.wav,cat
146.wav,bird
147.wav,cat
148.wav,dog
149.wav,dog
150.wav,bird
151.wav,dog
152.wav,bird
153.wav,dog
154.wav,bird
155.wav,cat
156.wav,cat
157.wav,dog
158.wav,dog
159.wav,bird
160.wav,cat
161.wav,dog
162.wav,dog
163.wav,bird
164.wav,cat
165.wav,bird
166.wav,cat
167.wav,dog
168.wav,bird
169.wav,cat
170.wav,dog
171.wav,cat
172.wav,bird
173.wav,cat
174.wav,dog
175.wav,bird
176.wav,dog
177.wav,cat
178.wav,bird
179.wav,dog
180.wav,dog
181.wav,dog
182.wav,cat
183.wav,cat
184.wav,bird
185.wav,bird
186.wav,cat
187.wav,dog
188.wav,bird
189.wav,bird
190.wav,dog
191.wav,cat
192.wav,cat
193.wav,dog
194.wav,bird
195.wav,dog
196.wav,dog
197.wav,dog
198.wav,cat
199.wav,dog
200.wav,cat
201.wav,dog
202.wav,cat
203.wav,dog
204.wav,dog
205.wav,dog
206.wav,cat
207.wav,bird
208.wav,dog
209.wav,dog
210.wav,bird
211.wav,cat
212.wav,dog
213.wav,bird
214.wav,cat
215.wav,dog
216.wav,dog
217.wav,bird
218.wav,bird
219.wav,dog
220.wav,bird
221.wav,cat
222.wav,cat
223.wav,dog
224.wav,bird
225.wav,dog
226.wav,bird
227.wav,dog
228.wav,cat
229.wav,dog
230.wav,dog
231.wav,cat
232.wav,cat
233.wav,dog
234.wav,cat
235.wav,cat
236.wav,cat
237.wav,cat
238.wav,cat
239.wav,cat
240.wav,dog
241.wav,bird
242.wav,bird
243.wav,cat
244.wav,bird
245.wav,bird
246.wav,dog
247.wav,cat
248.wav,dog
249.wav,bird
250.wav,dog
251.wav,cat
252.wav,dog
253.wav,dog
254.wav,cat
255.wav,cat
256.wav,cat
257.wav,dog
258.wav,dog
259.wav,cat
260.wav,cat
261.wav,dog
262.wav,bird
263.wav,bird
264.wav,bird
265.wav,bird
266.wav,cat
267.wav,cat
268.wav,dog
269.wav,dog
270.wav,cat
271.wav,dog
272.wav,bird
273.wav,bird
274.wav,bird
275.wav,cat
276.wav,bird
277.wav,dog
278.wav,bird
279.wav,cat
280.wav,dog
281.wav,cat
282.wav,dog
283.wav,dog
284.wav,dog
285.wav,cat
286.wav,cat
287.wav,dog
288.wav,dog
289.wav,dog
290.wav,cat
291.wav,dog
292.wav,dog
293.wav,dog
294.wav,bird
295.wav,bird
296.wav,cat
297.wav,bird
298.wav,dog
299.wav,dog
300.wav,cat
301.wav,dog
302.wav,bird
303.wav,cat
304.wav,bird
305.wav,cat
306.wav,dog
307.wav,cat
308.wav,cat
309.wav,cat
310.wav,bird
311.wav,cat
312.wav,dog
313.wav,bird
314.wav,cat
315.wav,cat
316.wav,dog
317.wav,cat
318.wav,dog
319.wav,cat
320.wav,cat
321.wav,bird
322.wav,cat
323.wav,bird
324.wav,cat
325.wav,cat
326.wav,bird
327.wav,bird
328.wav,dog
329.wav,dog
330.wav,bird
331.wav,bird
332.wav,cat
333.wav,cat
334.wav,dog
335.wav,dog
336.wav,dog
337.wav,cat
338.wav,bird
339.wav,cat
340.wav,bird
341.wav,dog
342.wav,dog
343.wav,cat
344.wav,bird
345.wav,cat
346.wav,bird
347.wav,dog
348.wav,bird
349.wav,dog
350.wav,bird
351.wav,dog
352.wav,cat
353.wav,bird
354.wav,dog
355.wav,dog
356.wav,dog
357.wav,dog
358.wav,bird
359.wav,dog
360.wav,bird
361.wav,bird
362.wav,dog
363.wav,bird
364.wav,dog
365.wav,bird
366.wav,cat
367.wav,bird
368.wav,dog
369.wav,bird
370.wav,cat
371.wav,dog
372.wav,bird
373.wav,dog
374.wav,bird
375.wav,dog
376.wav,dog
377.wav,dog
378.wav,cat
379.wav,bird
380.wav,cat
381.wav,dog
382.wav,bird
383.wav,bird
384.wav,bird
385.wav,cat
386.wav,bird
387.wav,cat
388.wav,dog
389.wav,bird
390.wav,dog
391.wav,dog
392.wav,cat
393.wav,cat
394.wav,cat
395.wav,bird
396.wav,cat
397.wav,cat
398.wav,bird
399.wav,cat
400.wav,bird
401.wav,dog
402.wav,cat
403.wav,dog
404.wav,dog
405.wav,cat
406.wav,dog
407.wav,bird
408.wav,dog
409.wav,cat
410.wav,dog
411.wav,dog
412.wav,cat
413.wav,bird
414.wav,cat
415.wav,dog
416.wav,cat
417.wav,dog
418.wav,dog
419.wav,cat
420.wav,cat
421.wav,dog
422.wav,dog
423.wav,bird
424.wav,cat
425.wav,bird
426.wav,cat
427.wav,cat
428.wav,cat
429.wav,dog
430.wav,bird
431.wav,dog
432.wav,cat
433.wav,dog
434.wav,cat
435.wav,cat
436.wav,dog
437.wav,bird
438.wav,bird
439.wav,dog
440.wav,cat
441.wav,cat
442.wav,cat
443.wav,cat
444.wav,cat
445.wav,bird
446.wav,bird
447.wav,dog
448.wav,bird
449.wav,dog
450.wav,cat
451.wav,bird
452.wav,bird
453.wav,bird
454.wav,bird
455.wav,cat
456.wav,cat
457.wav,cat
458.wav,bird
459.wav,bird
460.wav,bird
461.wav,dog
462.wav,bird
463.wav,cat
464.wav,bird
465.wav,bird
466.wav,dog
467.wav,cat
468.wav,cat
469.wav,dog
470.wav,dog
471.wav,bird
472.wav,dog
473.wav,dog
474.wav,bird
475.wav,dog
476.wav,bird
477.wav,cat
478.wav,cat
479.wav,dog
480.wav,dog
481.wav,bird
482.wav,dog
483.wav,cat
484.wav,cat
485.wav,dog
486.wav,dog
